filename,length,num_points,has_plan,plan_length,episode_id
trajectory_779250011612.json,18.30105415589146,50,True,912,749400011167.0
trajectory_632500009425.json,19.841513185714795,50,True,996,599300008930.0
trajectory_649550009679.json,20.224913538212014,50,True,443,599300008930.0
trajectory_512700007640.json,16.57396946399743,50,True,16,467100006960.0
trajectory_381900005691.json,7.234142762468222,50,True,181,374050005574.0
trajectory_145250002164.json,11.158639096976032,50,True,2,79600001186.0
trajectory_353350005265.json,0.10928532381458694,50,True,246,348350005191.0
trajectory_405900006048.json,13.156236621225156,50,True,5,389600005805.0
trajectory_330300004922.json,0.00010418769356652505,50,True,125,319750004765.0
trajectory_768550011452.json,10.871418685184526,50,True,1185,749400011167.0
trajectory_419900006257.json,7.9707671841466015,50,True,258,419050006244.0
trajectory_625700009324.json,15.137232924723783,50,True,1198,599300008930.0
trajectory_488600007281.json,12.4329143052396,50,True,515,467100006960.0
trajectory_388900005795.json,6.630692351232436,50,True,1,374050005574.0
trajectory_722350010764.json,0.008009167442867391,50,True,510,709950010579.0
trajectory_730350010883.json,0.06253321235279619,50,True,49,722800010771.0
trajectory_409400006101.json,10.573442113213883,50,True,4,389600005805.0
trajectory_622600009277.json,12.578247790153835,50,True,1301,599300008930.0
trajectory_652600009724.json,20.361316127065756,50,True,341,599300008930.0
trajectory_754800011247.json,1.5751082149222324,50,True,1634,749400011167.0
trajectory_631000009403.json,18.992073215015463,50,True,1043,599300008930.0
trajectory_777700011589.json,17.153864146082434,50,True,958,749400011167.0
trajectory_714200010642.json,0.06842114831338775,50,True,510,709950010579.0
trajectory_624600009307.json,14.267964502738518,50,True,1233,599300008930.0
trajectory_411400006130.json,9.167941940549822,50,True,4,389600005805.0
trajectory_202600003019.json,8.962143025451061,50,True,536,194050002892.0
trajectory_772600011513.json,13.767142591264514,50,True,1090,749400011167.0
trajectory_408400006086.json,11.423479769868532,50,True,4,389600005805.0
trajectory_326800004870.json,9.800995714035256e-05,50,True,125,319750004765.0
trajectory_514700007670.json,15.249934157162295,50,True,1,467100006960.0
trajectory_678100010104.json,7.8839116891970145,50,True,2,599300008930.0
trajectory_88400001317.json,4.06426552891031,50,True,1341,79600001186.0
trajectory_604450009007.json,6.4619919011369085,50,True,1800,599300008930.0
trajectory_664100009896.json,19.204472988332245,50,True,4,599300008930.0
trajectory_646550009634.json,20.46364477683427,50,True,537,599300008930.0
trajectory_777250011582.json,16.90259851270849,50,True,968,749400011167.0
trajectory_348850005198.json,0.00011545371834441586,50,True,82,348350005191.0
trajectory_389900005810.json,6.631359931117514,50,True,4,389600005805.0
trajectory_671600010008.json,13.210923885025917,50,True,2,599300008930.0
trajectory_503200007498.json,18.558353857464546,50,True,209,467100006960.0
trajectory_643000009581.json,19.95196483940446,50,True,644,599300008930.0
trajectory_404400006026.json,13.306686222153012,50,True,40,389600005805.0
trajectory_70050001044.json,3.4125557228974195,50,True,2,59050000880.0
trajectory_712750010621.json,0.06842013961243745,50,True,440,709950010579.0
trajectory_346350005161.json,0.0001119842527613745,50,True,82,344050005127.0
trajectory_529150007885.json,6.274293754997988,50,True,964,524150007810.0
trajectory_342350005101.json,0.00010679842059311069,50,True,125,319750004765.0
trajectory_736350010972.json,1.5257864325224195,50,True,3,722800010771.0
trajectory_96600001439.json,7.7060729909228645,50,True,1092,79600001186.0
trajectory_338300005041.json,0.00011004001308165595,50,True,125,319750004765.0
trajectory_312300004654.json,0.00011418512036044788,50,True,133,293850004379.0
trajectory_365850005452.json,6.454163639481323,50,True,2,348350005191.0
trajectory_222150003310.json,15.126246251375004,50,True,9,194050002892.0
trajectory_366850005466.json,6.520963706454676,50,True,2,348350005191.0
trajectory_279300004162.json,0.00012076613975143029,50,True,104,269100004010.0
trajectory_659100009821.json,20.533375626755905,50,True,126,599300008930.0
trajectory_525200007826.json,7.725451105847199,50,True,989,524150007810.0
trajectory_778250011597.json,17.38017908255002,50,True,948,749400011167.0
trajectory_139750002082.json,15.715954655525396,50,True,2,79600001186.0
trajectory_124150001850.json,17.183236430523994,50,True,342,79600001186.0
trajectory_341350005087.json,0.00010827568117068171,50,True,125,319750004765.0
trajectory_744350011092.json,1.559379602500573,50,True,1,722800010771.0
trajectory_718300010704.json,0.07032913797742338,50,True,510,709950010579.0
trajectory_689600010276.json,1.2604134878742907,50,True,168,678900010116.0
trajectory_486600007251.json,11.937233839862287,50,True,591,467100006960.0
trajectory_77050001148.json,3.412596013490887,50,True,2,59050000880.0
trajectory_72050001074.json,3.4125640826984904,50,True,2,59050000880.0
trajectory_289800004318.json,0.00013197668880207032,50,True,104,269100004010.0
trajectory_313800004676.json,0.00010693817823953038,50,True,133,293850004379.0
trajectory_147250002194.json,10.010623129748687,50,True,2,79600001186.0
trajectory_460700006865.json,6.690492919831568,50,True,87,444500006624.0
trajectory_83050001238.json,3.4126187377979864,50,True,1394,79600001186.0
trajectory_440600006565.json,0.4381500063710518,50,True,247,419050006244.0
trajectory_661600009859.json,20.320581968857724,50,True,50,599300008930.0
trajectory_338850005049.json,0.00011138028620885777,50,True,125,319750004765.0
trajectory_307300004579.json,0.00012155075762658499,50,True,133,293850004379.0
trajectory_300300004475.json,0.00013465092683920862,50,True,133,293850004379.0
trajectory_100250001494.json,10.692747929668144,50,True,975,79600001186.0
trajectory_83550001245.json,3.412622706010088,50,True,1394,79600001186.0
trajectory_548700008176.json,16.369068816714087,50,True,333,524150007810.0
trajectory_144750002157.json,11.587310629849085,50,True,2,79600001186.0
trajectory_115600001723.json,18.451824452629666,50,True,584,79600001186.0
trajectory_274800004095.json,0.00011477655774688289,50,True,104,269100004010.0
trajectory_567300008453.json,13.053919857190731,50,True,1,524150007810.0
trajectory_52550000783.json,0.0,18,False,0,
trajectory_600950008955.json,8.786253559206601,50,True,1800,599300008930.0
trajectory_525700007834.json,7.558320046678032,50,True,989,524150007810.0
trajectory_560300008349.json,18.977988424520625,50,True,3,524150007810.0
trajectory_783450011674.json,20.772716542764666,50,True,765,749400011167.0
trajectory_680100010134.json,6.106400181806617,50,True,213,678900010116.0
trajectory_711750010606.json,0.06841969263603918,50,True,440,709950010579.0
trajectory_309800004616.json,0.00011897839974612358,50,True,133,293850004379.0
trajectory_766950011428.json,9.556158037724007,50,True,1234,749400011167.0
trajectory_510700007610.json,17.22411891275334,50,True,40,467100006960.0
trajectory_498200007424.json,18.563014628588814,50,True,282,467100006960.0
trajectory_480850007165.json,11.967219750689885,50,True,771,467100006960.0
trajectory_539200008035.json,8.798181710940787,50,True,632,524150007810.0
trajectory_277800004140.json,0.00011709874608532748,50,True,104,269100004010.0
trajectory_622050009269.json,12.286264758043703,50,True,1308,599300008930.0
trajectory_713750010636.json,0.06842164597226705,50,True,440,709950010579.0
trajectory_509700007595.json,17.091980803305407,50,True,75,467100006960.0
trajectory_551250008214.json,18.61392686095531,50,True,237,524150007810.0
trajectory_769000011459.json,11.175577836011897,50,True,1172,749400011167.0
trajectory_111500001661.json,17.973276223926685,50,True,697,79600001186.0
trajectory_63550000947.json,0.07677784589958082,40,True,130,59050000880.0
trajectory_117700001754.json,18.337688712228335,50,True,518,79600001186.0
trajectory_676600010082.json,9.20896433178947,50,True,2,599300008930.0
trajectory_97150001448.json,8.176303687909606,50,True,1073,79600001186.0
trajectory_797750011887.json,19.125052762076596,50,True,329,749400011167.0
trajectory_665100009911.json,18.204966767968525,50,True,4,599300008930.0
trajectory_214650003199.json,11.385858036321418,50,True,144,194050002892.0
trajectory_740350011032.json,1.5594787282238542,50,True,1,722800010771.0
trajectory_679100010119.json,6.992374804853281,50,True,213,678900010116.0
trajectory_491600007325.json,14.912841615751088,50,True,419,467100006960.0
trajectory_65550000977.json,1.3196023863221948,44,True,80,59050000880.0
trajectory_492100007333.json,15.347291516001738,50,True,402,467100006960.0
trajectory_473200007051.json,8.919884794339644,50,True,1006,467100006960.0
trajectory_321300004788.json,0.00010039999633028108,50,True,125,319750004765.0
trajectory_200050002981.json,9.742734171910387,50,True,591,194050002892.0
trajectory_748850011159.json,1.5593736942292524,50,True,1,722800010771.0
trajectory_449600006700.json,0.38381745596521183,50,True,347,444500006624.0
trajectory_626700009339.json,15.802974620360429,50,True,1168,599300008930.0
trajectory_146250002179.json,10.66708443184916,50,True,2,79600001186.0
trajectory_305800004557.json,0.0001268535597020952,50,True,133,293850004379.0
trajectory_758200011298.json,3.181109887661765,50,True,1521,749400011167.0
trajectory_682100010164.json,4.730247798756101,50,True,213,678900010116.0
trajectory_601950008970.json,7.889747671936796,50,True,1800,599300008930.0
trajectory_73050001089.json,3.4125715090117867,50,True,2,59050000880.0
trajectory_499700007446.json,18.65425417073999,50,True,254,467100006960.0
trajectory_454150006767.json,1.161781264258459,50,True,308,444500006624.0
trajectory_507700007565.json,17.126061363189667,50,True,149,467100006960.0
trajectory_203100003026.json,8.851566953827687,50,True,518,194050002892.0
trajectory_320800004780.json,0.0001015468327789366,50,True,125,319750004765.0
trajectory_133750001993.json,18.16257337938403,50,True,56,79600001186.0
trajectory_103350001540.json,12.249447089316366,50,True,926,79600001186.0
trajectory_565300008424.json,14.783804748317968,50,True,1,524150007810.0
trajectory_349350005206.json,0.00011563648274410705,50,True,82,348350005191.0
trajectory_615650009174.json,7.552112781267772,50,True,1499,599300008930.0
trajectory_608750009071.json,4.930744962433821,50,True,1727,599300008930.0
trajectory_417900006227.json,8.067080272798833,50,True,4,389600005805.0
trajectory_775650011558.json,15.665829568154852,50,True,1010,749400011167.0
trajectory_350850005228.json,0.0004507492010956645,50,True,246,348350005191.0
trajectory_454650006775.json,1.6205420819928138,50,True,288,444500006624.0
trajectory_774250011537.json,14.708604227296256,50,True,1052,749400011167.0
trajectory_50550000753.json,0.0,14,False,0,
trajectory_148750002217.json,8.85718279595282,50,True,2,79600001186.0
trajectory_470200007007.json,8.819573633892116,50,True,1006,467100006960.0
trajectory_518700007729.json,12.038939612148438,50,True,1,467100006960.0
trajectory_60550000902.json,0.0,34,True,137,59050000880.0
trajectory_602950008985.json,7.0358028448555565,50,True,1800,599300008930.0
trajectory_355850005303.json,0.18321560966775202,50,True,245,348350005191.0
trajectory_641450009558.json,20.177806138921532,50,True,700,599300008930.0
trajectory_600450008947.json,9.269019883045388,50,True,1800,599300008930.0
trajectory_287300004281.json,0.00012828893649248174,50,True,104,269100004010.0
trajectory_293300004371.json,0.00013116831106784317,50,True,104,269100004010.0
trajectory_54550000813.json,0.0,22,False,0,
trajectory_753850011233.json,1.5528997502999824,50,True,1634,749400011167.0
trajectory_78050001163.json,3.4125987321435813,50,True,2,59050000880.0
trajectory_91500001363.json,4.685555591981869,50,True,1261,79600001186.0
trajectory_732850010920.json,0.40663943654744805,50,True,41,722800010771.0
trajectory_724350010794.json,0.005370555390264695,50,True,510,722800010771.0
trajectory_516200007692.json,14.0597880276663,50,True,1,467100006960.0
trajectory_674100010045.json,11.31571598667156,50,True,2,599300008930.0
trajectory_674600010052.json,10.89768630828297,50,True,2,599300008930.0
trajectory_471200007021.json,8.819574914222981,50,True,1006,467100006960.0
trajectory_403400006011.json,12.663543136630723,50,True,71,389600005805.0
trajectory_363850005422.json,6.1086403324717375,50,True,10,348350005191.0
trajectory_80550001200.json,3.412610796405723,50,True,1394,79600001186.0
trajectory_747850011144.json,1.5593613216914954,50,True,1,722800010771.0
trajectory_79050001178.json,3.4126030496708264,50,True,2,59050000880.0
trajectory_482950007197.json,11.946742504147714,50,True,707,467100006960.0
trajectory_378850005645.json,6.476541499304133,50,True,244,374050005574.0
trajectory_759900011323.json,3.7416578702922685,50,True,1461,749400011167.0
trajectory_137750002053.json,16.708981874171315,50,True,2,79600001186.0
trajectory_520200007752.json,10.847661311331297,50,True,1,467100006960.0
trajectory_452650006745.json,0.2719327288562704,50,True,343,444500006624.0
trajectory_354350005280.json,0.11744883173020457,50,True,246,348350005191.0
trajectory_680600010142.json,5.738601543506038,50,True,213,678900010116.0
trajectory_786500011720.json,20.19292321754061,50,True,663,749400011167.0
trajectory_127750001904.json,17.474309031761045,50,True,250,79600001186.0
trajectory_62050000925.json,0.00029063159369685466,37,True,137,59050000880.0
trajectory_511700007625.json,16.981233985586826,50,True,29,467100006960.0
trajectory_78550001170.json,3.4126006539354887,50,True,2,59050000880.0
trajectory_322800004810.json,9.488410547920504e-05,50,True,125,319750004765.0
trajectory_748350011151.json,1.5593642721117855,50,True,1,722800010771.0
trajectory_647050009642.json,20.42891697131868,50,True,521,599300008930.0
trajectory_74050001103.json,3.41257880617228,50,True,2,59050000880.0
trajectory_543700008102.json,12.345041673435942,50,True,492,524150007810.0
trajectory_66550000992.json,2.2154590035266777,46,True,46,59050000880.0
trajectory_109900001638.json,17.080630175169933,50,True,735,79600001186.0
trajectory_557300008304.json,20.026524518153895,50,True,57,524150007810.0
trajectory_496150007393.json,18.500625584569363,50,True,282,467100006960.0
trajectory_353850005273.json,0.1107550104540608,50,True,246,348350005191.0
trajectory_320300004773.json,0.000102858269110624,50,True,125,319750004765.0
trajectory_278800004154.json,0.00012113570188593991,50,True,104,269100004010.0
trajectory_532650007937.json,6.956615739582989,50,True,856,524150007810.0
trajectory_211100003146.json,9.204744365111036,50,True,269,194050002892.0
trajectory_84000001252.json,3.412623688215881,50,True,1394,79600001186.0
trajectory_521700007774.json,10.348811426515764,50,True,1,467100006960.0
trajectory_460200006858.json,6.3304561351976645,50,True,105,444500006624.0
trajectory_726350010823.json,0.00545184319570987,50,True,510,722800010771.0
trajectory_484550007220.json,12.129961100887186,50,True,646,467100006960.0
trajectory_291300004341.json,0.00013758087826025371,50,True,104,269100004010.0
trajectory_431500006430.json,0.4548852211422466,50,True,247,419050006244.0
trajectory_82550001230.json,3.4126167707679715,50,True,1394,79600001186.0
trajectory_512200007632.json,16.603814810641925,50,True,29,467100006960.0
trajectory_495650007386.json,18.12510190413392,50,True,292,467100006960.0
trajectory_128750001919.json,17.844311954282517,50,True,217,79600001186.0
trajectory_718750010710.json,0.07033273624931487,50,True,510,709950010579.0
trajectory_60050000895.json,0.0,33,True,137,59050000880.0
trajectory_486050007243.json,11.995405852640038,50,True,603,467100006960.0
trajectory_555800008282.json,20.306475080008838,50,True,86,524150007810.0
trajectory_503700007506.json,18.532808180499384,50,True,209,467100006960.0
trajectory_776250011567.json,16.131947284183028,50,True,997,749400011167.0
trajectory_329300004907.json,0.0001050404067595519,50,True,125,319750004765.0
trajectory_105850001577.json,14.05900057029804,50,True,852,79600001186.0
trajectory_311300004639.json,0.00011400691392775688,50,True,133,293850004379.0
trajectory_327300004877.json,9.738468441308996e-05,50,True,125,319750004765.0
trajectory_797250011880.json,18.876002464851613,50,True,347,749400011167.0
trajectory_355350005295.json,0.1467916291193999,50,True,246,348350005191.0
trajectory_271800004050.json,0.00011887073099131562,50,True,104,269100004010.0
trajectory_613700009145.json,6.118560222190922,50,True,1572,599300008930.0
trajectory_609900009088.json,5.624476153746352,50,True,1692,599300008930.0
trajectory_86850001294.json,3.539466788450639,50,True,1393,79600001186.0
trajectory_45550000679.json,0.0,4,False,0,
trajectory_561800008371.json,17.731546300392438,50,True,2,524150007810.0
trajectory_86150001284.json,3.506995119862214,50,True,1393,79600001186.0
trajectory_649000009671.json,20.434721139680033,50,True,456,599300008930.0
trajectory_318300004743.json,0.00010874305334209411,50,True,133,293850004379.0
trajectory_677600010097.json,8.323537849356619,50,True,2,599300008930.0
trajectory_118150001761.json,18.36176608666653,50,True,501,79600001186.0
trajectory_685600010216.json,3.04297953330477,50,True,168,678900010116.0
trajectory_219650003273.json,13.390584423924267,50,True,75,194050002892.0
trajectory_100750001501.json,11.1016375224526,50,True,957,79600001186.0
trajectory_365350005444.json,6.411022283959185,50,True,2,348350005191.0
trajectory_558300008319.json,19.575832043794993,50,True,37,524150007810.0
trajectory_717800010696.json,0.07028341573089301,50,True,510,709950010579.0
trajectory_780300011627.json,19.274506220222477,50,True,869,749400011167.0
trajectory_763450011376.json,6.790385122497312,50,True,1346,749400011167.0
trajectory_220150003280.json,13.658980562537659,50,True,66,194050002892.0
trajectory_106850001592.json,14.977766332599957,50,True,818,79600001186.0
trajectory_132250001971.json,17.954985515669275,50,True,104,79600001186.0
trajectory_98200001463.json,9.104760788658357,50,True,1040,79600001186.0
trajectory_405400006041.json,13.268373786372525,50,True,9,389600005805.0
trajectory_280800004184.json,0.00012245665729501318,50,True,104,269100004010.0
trajectory_46050000686.json,0.0,5,False,0,
trajectory_397850005928.json,8.100550790836126,50,True,256,389600005805.0
trajectory_444100006618.json,0.43808321014483537,50,True,247,419050006244.0
trajectory_218150003251.json,13.110757791439491,50,True,79,194050002892.0
trajectory_386400005758.json,6.71290005268131,50,True,49,374050005574.0
trajectory_609350009080.json,5.284254489273291,50,True,1708,599300008930.0
trajectory_101750001516.json,11.975928068730155,50,True,928,79600001186.0
trajectory_505200007528.json,17.518570332127695,50,True,208,467100006960.0
trajectory_121150001805.json,18.024396167839644,50,True,409,79600001186.0
trajectory_395900005899.json,6.708468834590402,50,True,311,389600005805.0
trajectory_765150011402.json,8.270039135741909,50,True,1296,749400011167.0
trajectory_81050001208.json,3.4126113295219036,50,True,1394,79600001186.0
trajectory_738850011010.json,1.561246817600512,50,True,1,722800010771.0
trajectory_502700007491.json,18.404477849916102,50,True,211,467100006960.0
trajectory_457700006820.json,4.223435416039484,50,True,184,444500006624.0
trajectory_287800004289.json,0.00012456567983968375,50,True,104,269100004010.0
trajectory_88900001325.json,4.2322691858967,50,True,1321,79600001186.0
trajectory_771600011498.json,13.127593493024492,50,True,1118,749400011167.0
trajectory_207100003086.json,8.954642787246426,50,True,397,194050002892.0
trajectory_639800009534.json,20.307050571300103,50,True,746,599300008930.0
trajectory_538200008020.json,7.944345224931778,50,True,669,524150007810.0
trajectory_515200007677.json,14.907169489427256,50,True,1,467100006960.0
trajectory_638200009510.json,20.161659963286915,50,True,804,599300008930.0
trajectory_670600009993.json,13.98271582027904,50,True,2,599300008930.0
trajectory_781400011644.json,20.218806679140435,50,True,834,749400011167.0
trajectory_668600009963.json,15.474214073688808,50,True,2,599300008930.0
trajectory_400400005966.json,10.29910137729495,50,True,169,389600005805.0
trajectory_472700007044.json,8.880140086806389,50,True,1006,467100006960.0
trajectory_342850005109.json,0.00010809300084420514,50,True,125,319750004765.0
trajectory_112500001676.json,18.740921623103148,50,True,664,79600001186.0
trajectory_620050009239.json,10.842153962251844,50,True,1370,599300008930.0
trajectory_645050009612.json,20.08192309273086,50,True,575,599300008930.0
trajectory_778750011604.json,17.819281570948334,50,True,928,749400011167.0
trajectory_294300004385.json,0.00012901138546107636,50,True,133,293850004379.0
trajectory_76550001141.json,3.412592997184626,50,True,2,59050000880.0
trajectory_741350011047.json,1.5594300833635335,50,True,1,722800010771.0
trajectory_69550001036.json,3.412554862948115,50,True,2,59050000880.0
trajectory_102800001532.json,12.122763647835157,50,True,928,79600001186.0
trajectory_85850001279.json,3.4920896795908463,50,True,1393,79600001186.0
trajectory_272300004058.json,0.00011650115405603189,50,True,104,269100004010.0
trajectory_374350005578.json,6.574887476519624,50,True,244,374050005574.0
trajectory_458200006828.json,4.5740028593051605,50,True,171,444500006624.0
trajectory_660100009836.json,20.115169206380166,50,True,108,599300008930.0
trajectory_785000011697.json,20.461332088685907,50,True,708,749400011167.0
trajectory_750350011181.json,1.5575547870882274,50,True,1634,749400011167.0
trajectory_567800008461.json,12.46255201432104,50,True,1,524150007810.0
trajectory_131250001956.json,18.123874558930666,50,True,131,79600001186.0
trajectory_90150001343.json,4.5177217088968105,50,True,1294,79600001186.0
trajectory_205550003063.json,8.572560207594638,50,True,452,194050002892.0
trajectory_194500002898.json,13.726906973454572,50,True,591,194050002892.0
trajectory_653600009739.json,20.353357531898215,50,True,308,599300008930.0
trajectory_435050006483.json,0.43819926616318894,50,True,247,419050006244.0
trajectory_118650001768.json,18.41815478136997,50,True,480,79600001186.0
trajectory_89250001330.json,4.047418443809071,50,True,1310,79600001186.0
trajectory_610750009101.json,5.616476161922005,50,True,1659,599300008930.0
trajectory_671100010000.json,13.613595496687037,50,True,2,599300008930.0
trajectory_197500002943.json,11.15799783642103,50,True,591,194050002892.0
trajectory_270800004035.json,0.00011929587661919487,50,True,104,269100004010.0
trajectory_430950006422.json,0.476183220560963,50,True,247,419050006244.0
trajectory_469200006992.json,8.819580859556936,50,True,1006,467100006960.0
trajectory_443600006610.json,0.43808475828129145,50,True,247,419050006244.0
trajectory_282300004207.json,0.00012434027818056695,50,True,104,269100004010.0
trajectory_199550002974.json,10.24281598906422,50,True,591,194050002892.0
trajectory_516700007699.json,13.625341184901332,50,True,1,467100006960.0
trajectory_394400005877.json,6.473495966812995,50,True,317,389600005805.0
trajectory_410900006123.json,9.577429662062725,50,True,4,389600005805.0
trajectory_122200001821.json,17.45263951602393,50,True,405,79600001186.0
trajectory_484000007212.json,12.100232066315833,50,True,666,467100006960.0
trajectory_658100009806.json,20.54110674010036,50,True,160,599300008930.0
trajectory_453150006752.json,0.404683757982941,50,True,338,444500006624.0
trajectory_123200001836.json,17.357111474509747,50,True,372,79600001186.0
trajectory_47050000701.json,0.0,7,False,0,
trajectory_793100011818.json,19.03243341261923,50,True,479,749400011167.0
trajectory_638750009518.json,20.260126085058168,50,True,783,599300008930.0
trajectory_749350011166.json,1.559377789594072,50,True,1634,722800010771.0
trajectory_686600010231.json,2.2170026238565614,50,True,168,678900010116.0
trajectory_391900005840.json,6.47234265072627,50,True,4,389600005805.0
trajectory_134250002000.json,18.284582865657715,50,True,41,79600001186.0
trajectory_439100006543.json,0.438178070648552,50,True,247,419050006244.0
trajectory_276800004125.json,0.00011049462685159955,50,True,104,269100004010.0
trajectory_425900006346.json,3.5868936320642564,50,True,254,419050006244.0
trajectory_333800004974.json,0.00010506547238175425,50,True,125,319750004765.0
trajectory_272800004065.json,0.00011571085645603752,50,True,104,269100004010.0
trajectory_76050001133.json,3.412588698617618,50,True,2,59050000880.0
trajectory_62550000932.json,0.0003870761130172252,38,True,137,59050000880.0
trajectory_269300004013.json,0.00012098967983512395,50,True,104,269100004010.0
trajectory_438600006536.json,0.4381830542250357,50,True,247,419050006244.0
trajectory_138750002068.json,16.00844921404827,50,True,2,79600001186.0
trajectory_661100009851.json,20.273351735012273,50,True,69,599300008930.0
trajectory_803750011977.json,112.97114290506626,50,True,1,749400011167.0
trajectory_369350005504.json,6.574860547812138,50,True,1,348350005191.0
trajectory_787000011727.json,20.075577906500982,50,True,652,749400011167.0
trajectory_631550009411.json,19.410742773241942,50,True,1028,599300008930.0
trajectory_728350010853.json,0.010153575241089827,50,True,50,722800010771.0
trajectory_474800007075.json,9.631654397371221,50,True,974,467100006960.0
trajectory_513700007655.json,16.041875876021322,50,True,3,467100006960.0
trajectory_396400005907.json,6.960303112559831,50,True,302,389600005805.0
trajectory_350350005221.json,0.00011912272887532512,50,True,82,348350005191.0
trajectory_678600010112.json,7.4425927362386535,50,True,2,599300008930.0
trajectory_508700007580.json,17.085034344765255,50,True,111,467100006960.0
trajectory_52050000776.json,0.0,17,False,0,
trajectory_662600009874.json,20.038198663401328,50,True,25,599300008930.0
trajectory_337300005026.json,0.00010472985764756806,50,True,125,319750004765.0
trajectory_533200007945.json,6.915312812455593,50,True,840,524150007810.0
trajectory_651600009710.json,20.44336951329477,50,True,376,599300008930.0
trajectory_283300004221.json,0.0001262217994726238,50,True,104,269100004010.0
trajectory_684600010201.json,3.7505077927180483,50,True,177,678900010116.0
trajectory_335300004996.json,0.00010700571645212417,50,True,125,319750004765.0
trajectory_464700006925.json,8.819587010228613,50,True,1,444500006624.0
trajectory_540200008050.json,9.556001510062542,50,True,602,524150007810.0
trajectory_459700006850.json,5.85924529619561,50,True,120,444500006624.0
trajectory_641950009566.json,19.978294378947073,50,True,686,599300008930.0
trajectory_514200007662.json,15.628631490016994,50,True,1,467100006960.0
trajectory_134750002008.json,18.134884514337546,50,True,28,79600001186.0
trajectory_522700007789.json,10.309503269408788,50,True,1,467100006960.0
trajectory_72550001081.json,3.4125662151175375,50,True,2,59050000880.0
trajectory_692600010321.json,1.1441963022873314,50,True,168,678900010116.0
trajectory_378350005638.json,6.468711597011118,50,True,244,374050005574.0
trajectory_108950001623.json,16.361635272683014,50,True,764,79600001186.0
trajectory_443100006603.json,0.43808542113472626,50,True,247,419050006244.0
trajectory_302800004512.json,0.0001289075937326711,50,True,133,293850004379.0
trajectory_75550001126.json,3.41258464550229,50,True,2,59050000880.0
trajectory_475850007091.json,10.464023588335744,50,True,941,467100006960.0
trajectory_49050000731.json,0.0,11,False,0,
trajectory_561300008364.json,18.088608751474556,50,True,2,524150007810.0
trajectory_510200007603.json,17.20232620743267,50,True,58,467100006960.0
trajectory_666600009933.json,17.358165387788887,50,True,2,599300008930.0
trajectory_361350005385.json,4.429369027488957,50,True,78,348350005191.0
trajectory_376850005616.json,6.495088699039805,50,True,244,374050005574.0
trajectory_772150011506.json,13.50377360605126,50,True,1098,749400011167.0
trajectory_344350005131.json,0.0001114047426896034,50,True,82,344050005127.0
trajectory_568300008468.json,12.444122128115954,50,True,1,524150007810.0
trajectory_275800004110.json,0.00011747989567044382,50,True,104,269100004010.0
trajectory_421900006287.json,6.8754636611988476,50,True,258,419050006244.0
trajectory_563800008401.json,16.049343998813104,50,True,1,524150007810.0
trajectory_380900005676.json,7.299865781310103,50,True,203,374050005574.0
trajectory_659600009829.json,20.200484780760725,50,True,120,599300008930.0
trajectory_539700008042.json,9.189595189205152,50,True,621,524150007810.0
trajectory_692100010313.json,1.1441944373271202,50,True,168,678900010116.0
trajectory_604600009009.json,6.110166616222929,50,True,1800,599300008930.0
trajectory_497150007408.json,18.607862827952676,50,True,282,467100006960.0
trajectory_114550001707.json,18.67669476836704,50,True,616,79600001186.0
trajectory_77550001156.json,3.412597540109142,50,True,2,59050000880.0
trajectory_417400006220.json,8.06707971858395,50,True,4,389600005805.0
trajectory_673100010030.json,11.979696195805719,50,True,2,599300008930.0
trajectory_722850010771.json,0.006764941967455841,50,True,510,722800010771.0
trajectory_710250010584.json,0.0684216741806712,50,True,440,709950010579.0
trajectory_650050009686.json,20.29540543441031,50,True,429,599300008930.0
trajectory_416900006212.json,8.067078765051393,50,True,4,389600005805.0
trajectory_487600007266.json,12.061742972735729,50,True,549,467100006960.0
trajectory_384900005735.json,7.02766671130208,50,True,85,374050005574.0
trajectory_397400005922.json,7.659119698533248,50,True,275,389600005805.0
trajectory_279800004169.json,0.00012206072407440969,50,True,104,269100004010.0
trajectory_563300008394.json,16.468393558598216,50,True,1,524150007810.0
trajectory_522200007781.json,10.322781700350411,50,True,1,467100006960.0
trajectory_113500001691.json,19.1859995304411,50,True,631,79600001186.0
trajectory_693600010335.json,1.144190530089259,50,True,168,678900010116.0
trajectory_655100009762.json,20.712221011857434,50,True,250,599300008930.0
trajectory_422900006302.json,6.003659229519052,50,True,258,419050006244.0
trajectory_619500009231.json,10.751074526810223,50,True,1374,599300008930.0
trajectory_92000001371.json,4.5897144122965585,50,True,1253,79600001186.0
trajectory_95100001417.json,6.293836560811363,50,True,1153,79600001186.0
trajectory_300800004482.json,0.00013647802440195161,50,True,133,293850004379.0
trajectory_335800005004.json,0.00010573716046297636,50,True,125,319750004765.0
trajectory_356350005310.json,0.2839073635243015,50,True,242,348350005191.0
trajectory_441100006573.json,0.43808382994884915,50,True,247,419050006244.0
trajectory_381400005683.json,7.404843683966406,50,True,191,374050005574.0
trajectory_316800004721.json,0.00010476247129805955,50,True,133,293850004379.0
trajectory_340850005079.json,0.00010684207944965736,50,True,125,319750004765.0
trajectory_650550009694.json,20.30959043167642,50,True,415,599300008930.0
trajectory_49550000738.json,0.0,12,False,0,
trajectory_346850005168.json,0.00011341320956964654,50,True,82,344050005127.0
trajectory_549200008184.json,16.862078077353296,50,True,313,524150007810.0
trajectory_420400006264.json,7.826124729721941,50,True,258,419050006244.0
trajectory_518200007722.json,12.415589601742788,50,True,1,467100006960.0
trajectory_299800004467.json,0.00013531656783945391,50,True,133,293850004379.0
trajectory_467700006969.json,8.819580165401284,50,True,1006,467100006960.0
trajectory_558800008327.json,19.727749697331095,50,True,21,524150007810.0
trajectory_546700008146.json,14.827726546140951,50,True,394,524150007810.0
trajectory_497700007416.json,18.589461355376805,50,True,282,467100006960.0
trajectory_388400005788.json,6.755351071980586,50,True,1,374050005574.0
trajectory_357350005325.json,0.8956317211931619,50,True,219,348350005191.0
trajectory_130250001941.json,18.112510545266645,50,True,169,79600001186.0
trajectory_535650007982.json,6.7090372430575975,50,True,758,524150007810.0
trajectory_466200006947.json,8.819584015579606,50,True,1,444500006624.0
trajectory_501200007468.json,19.283109400927074,50,True,211,467100006960.0
trajectory_120150001790.json,18.22566756180421,50,True,439,79600001186.0
trajectory_94550001409.json,5.865421081405988,50,True,1165,79600001186.0
trajectory_142250002120.json,13.519209935775908,50,True,2,79600001186.0
trajectory_549700008191.json,17.21991155886657,50,True,299,524150007810.0
trajectory_621550009262.json,11.821253742813655,50,True,1331,599300008930.0
trajectory_524700007819.json,8.680635332710922,50,True,989,524150007810.0
trajectory_554800008267.json,20.204642507418306,50,True,126,524150007810.0
trajectory_530650007907.json,7.094070891214213,50,True,914,524150007810.0
trajectory_681100010149.json,5.324037135046671,50,True,213,678900010116.0
trajectory_675600010067.json,9.993857637072749,50,True,2,599300008930.0
trajectory_749850011174.json,1.5580764421968334,50,True,1634,749400011167.0
trajectory_456700006805.json,3.337834710626505,50,True,220,444500006624.0
trajectory_737850010995.json,1.5612350723378452,50,True,1,722800010771.0
trajectory_433500006460.json,0.43822302458435447,50,True,247,419050006244.0
trajectory_51050000761.json,0.0,15,False,0,
trajectory_420900006272.json,7.574282344439533,50,True,258,419050006244.0
trajectory_70550001051.json,3.412556914990315,50,True,2,59050000880.0
trajectory_660600009844.json,20.19134435354269,50,True,88,599300008930.0
trajectory_361850005392.json,4.819022139746042,50,True,64,348350005191.0
trajectory_476300007097.json,10.804122167922873,50,True,926,467100006960.0
trajectory_436050006498.json,0.438189808340908,50,True,247,419050006244.0
trajectory_315800004706.json,0.00010334950129813633,50,True,133,293850004379.0
trajectory_796250011865.json,19.428049968011592,50,True,373,749400011167.0
trajectory_737350010987.json,1.5612302317657067,50,True,1,722800010771.0
trajectory_500700007461.json,19.47559479024226,50,True,219,467100006960.0
trajectory_218650003258.json,13.172863349585173,50,True,79,194050002892.0
trajectory_293800004378.json,0.00013024605216033,50,True,133,269100004010.0
trajectory_526700007848.json,7.4365101962111675,50,True,989,524150007810.0
trajectory_212150003161.json,9.762366765586275,50,True,233,194050002892.0
trajectory_133250001986.json,18.06256797879586,50,True,71,79600001186.0
trajectory_605500009023.json,5.401237616848856,50,True,1781,599300008930.0
trajectory_82050001223.json,3.41261629393076,50,True,1394,79600001186.0
trajectory_628750009369.json,17.47021759262783,50,True,1103,599300008930.0
trajectory_627900009356.json,16.835857524327132,50,True,1130,599300008930.0
trajectory_528200007871.json,6.06492125049583,50,True,989,524150007810.0
trajectory_302300004505.json,0.0001335520236472172,50,True,133,293850004379.0
trajectory_309300004609.json,0.00011953213915703693,50,True,133,293850004379.0
trajectory_644050009597.json,19.981254561180467,50,True,609,599300008930.0
trajectory_467200006962.json,8.81957988589073,50,True,1006,467100006960.0
trajectory_654600009754.json,20.516566459494975,50,True,269,599300008930.0
trajectory_517200007707.json,13.222419622636954,50,True,1,467100006960.0
trajectory_315300004698.json,0.00010408119356582959,50,True,133,293850004379.0
trajectory_324800004840.json,9.829331968939874e-05,50,True,125,319750004765.0
trajectory_733850010935.json,1.208447610546291,50,True,9,722800010771.0
trajectory_198000002950.json,10.731298230310015,50,True,591,194050002892.0
trajectory_754350011241.json,1.5746466608169403,50,True,1634,749400011167.0
trajectory_721850010756.json,0.037780118731371826,50,True,510,709950010579.0
trajectory_428950006392.json,1.4919735668296057,50,True,247,419050006244.0
trajectory_331300004937.json,0.00010431191512355427,50,True,125,319750004765.0
trajectory_291800004348.json,0.0001358737296066742,50,True,104,269100004010.0
trajectory_412900006153.json,8.245373834485367,50,True,4,389600005805.0
trajectory_116100001730.json,18.535709321395036,50,True,572,79600001186.0
trajectory_93050001387.json,4.68900204965988,50,True,1216,79600001186.0
trajectory_195500002913.json,12.826265807005521,50,True,591,194050002892.0
trajectory_637150009494.json,20.22253567319968,50,True,840,599300008930.0
trajectory_426450006355.json,3.2706785350695045,50,True,247,419050006244.0
trajectory_468200006977.json,8.819579569239743,50,True,1006,467100006960.0
trajectory_731350010898.json,0.1600325113844993,50,True,49,722800010771.0
trajectory_275300004102.json,0.0001160493843213709,50,True,104,269100004010.0
trajectory_759800011322.json,3.855140211898931,50,True,1478,749400011167.0
trajectory_56550000843.json,0.0,26,False,0,
trajectory_297800004438.json,0.00013448239785860723,50,True,133,293850004379.0
trajectory_87350001302.json,3.6303152798668483,50,True,1390,79600001186.0
trajectory_121700001813.json,17.733755760368407,50,True,409,79600001186.0
trajectory_537150008004.json,7.40231594509596,50,True,701,524150007810.0
trajectory_445600006640.json,0.43808624725005046,50,True,247,444500006624.0
trajectory_733350010928.json,0.7218261587381671,50,True,30,722800010771.0
trajectory_215650003213.json,12.086544747783156,50,True,116,194050002892.0
trajectory_746350011121.json,1.5593547732187556,50,True,1,722800010771.0
trajectory_502200007483.json,18.470260517380403,50,True,211,467100006960.0
trajectory_319800004765.json,0.0001044772224821276,50,True,125,319750004765.0
trajectory_792100011803.json,19.365721402343333,50,True,503,749400011167.0
trajectory_358350005340.json,1.8223668371244135,50,True,184,348350005191.0
trajectory_362850005407.json,5.530485002029592,50,True,37,348350005191.0
trajectory_370850005526.json,6.574866901918538,50,True,1,348350005191.0
trajectory_216650003228.json,12.351589975232187,50,True,108,194050002892.0
trajectory_55050000820.json,0.0,23,False,0,
trajectory_135750002023.json,17.935822719976475,50,True,7,79600001186.0
trajectory_367850005481.json,6.5748506512686635,50,True,1,348350005191.0
trajectory_612600009128.json,5.9865905823116705,50,True,1603,599300008930.0
trajectory_385900005750.json,6.705214186356851,50,True,63,374050005574.0
trajectory_452100006737.json,0.15103310609099513,50,True,346,444500006624.0
trajectory_647500009649.json,20.2816173906583,50,True,508,599300008930.0
trajectory_475350007083.json,10.056924113304376,50,True,961,467100006960.0
trajectory_640350009542.json,20.37220882836307,50,True,725,599300008930.0
trajectory_428400006384.json,1.918261594650745,50,True,247,419050006244.0
trajectory_477850007121.json,11.98110907851101,50,True,867,467100006960.0
trajectory_544700008117.json,13.091156620351155,50,True,461,524150007810.0
trajectory_506200007543.json,17.236045994131537,50,True,196,467100006960.0
trajectory_547200008154.json,15.208341134508052,50,True,379,524150007810.0
trajectory_399400005952.json,9.400779744540136,50,True,201,389600005805.0
trajectory_328300004892.json,0.00010358229802103302,50,True,125,319750004765.0
trajectory_630450009394.json,18.600438137897996,50,True,1060,599300008930.0
trajectory_479300007142.json,12.027416614852724,50,True,816,467100006960.0
trajectory_721300010748.json,0.052654854895930095,50,True,510,709950010579.0
trajectory_310300004624.json,0.00011389547250574145,50,True,133,293850004379.0
trajectory_109400001630.json,16.607029776864085,50,True,754,79600001186.0
trajectory_438100006528.json,0.43818221377754074,50,True,247,419050006244.0
trajectory_202050003011.json,9.124204726072756,50,True,548,194050002892.0
trajectory_726850010831.json,0.005459428495249857,50,True,510,722800010771.0
trajectory_688600010261.json,1.3142438230250535,50,True,168,678900010116.0
trajectory_403900006019.json,13.01448087009268,50,True,55,389600005805.0
trajectory_295300004400.json,0.00013370231290153089,50,True,133,293850004379.0
trajectory_137250002045.json,16.995097697662583,50,True,2,79600001186.0
trajectory_92550001379.json,4.631112077938724,50,True,1231,79600001186.0
trajectory_529650007892.json,6.687846896535234,50,True,950,524150007810.0
trajectory_688100010253.json,1.5269908503175396,50,True,168,678900010116.0
trajectory_770600011483.json,12.34018521766138,50,True,1129,749400011167.0
trajectory_667600009948.json,16.448221718099433,50,True,2,599300008930.0
trajectory_565800008431.json,14.378953789713742,50,True,1,524150007810.0
trajectory_299300004460.json,0.00013809729492489533,50,True,133,293850004379.0
trajectory_144250002149.json,11.903554674879333,50,True,2,79600001186.0
trajectory_729350010868.json,0.01749559067718061,50,True,50,722800010771.0
trajectory_68050001014.json,3.3722424656968433,49,True,2,59050000880.0
trajectory_658600009814.json,20.579331346030596,50,True,140,599300008930.0
trajectory_364850005437.json,6.408784514448445,50,True,2,348350005191.0
trajectory_290300004326.json,0.00013391871429711125,50,True,104,269100004010.0
trajectory_465200006932.json,8.819586298843905,50,True,1,444500006624.0
trajectory_747350011136.json,1.5593584989085523,50,True,1,722800010771.0
trajectory_794200011835.json,19.318996912132533,50,True,436,749400011167.0
trajectory_386900005765.json,6.6361553345822495,50,True,31,374050005574.0
trajectory_434550006475.json,0.43821379657537024,50,True,247,419050006244.0
trajectory_61550000917.json,0.0001437653728791504,36,True,137,59050000880.0
trajectory_334800004989.json,0.00010819569358958426,50,True,125,319750004765.0
trajectory_478850007135.json,12.033277903799107,50,True,835,467100006960.0
trajectory_323300004818.json,9.364514277175144e-05,50,True,125,319750004765.0
trajectory_103850001547.json,12.60817065858827,50,True,911,79600001186.0
trajectory_599450008933.json,9.918130212240733,50,True,1800,599300008930.0
trajectory_199000002965.json,10.58296818418601,50,True,591,194050002892.0
trajectory_720300010733.json,0.07035644369220764,50,True,510,709950010579.0
trajectory_347350005176.json,0.00011313075291898212,50,True,82,344050005127.0
trajectory_618450009216.json,10.005672934145434,50,True,1402,599300008930.0
trajectory_392900005855.json,6.467531988645633,50,True,4,389600005805.0
trajectory_773250011522.json,13.944208796420687,50,True,1083,749400011167.0
trajectory_44550000664.json,0.0,2,False,0,
trajectory_59050000880.json,0.0,31,True,137,59050000880.0
trajectory_359850005362.json,3.059669754571728,50,True,136,348350005191.0
trajectory_729850010876.json,0.033458069623423306,50,True,50,722800010771.0
trajectory_416400006205.json,8.067078243766744,50,True,4,389600005805.0
trajectory_404900006033.json,13.28498545694398,50,True,28,389600005805.0
trajectory_490600007311.json,14.039882992220345,50,True,456,467100006960.0
trajectory_471700007029.json,8.83376928379087,50,True,1006,467100006960.0
trajectory_211650003154.json,9.479181444064897,50,True,252,194050002892.0
trajectory_146750002187.json,10.477987596185063,50,True,2,79600001186.0
trajectory_785500011705.json,20.276122774862174,50,True,692,749400011167.0
trajectory_667100009941.json,16.873704156858736,50,True,2,599300008930.0
trajectory_343850005124.json,0.00011169423231625969,50,True,125,319750004765.0
trajectory_93500001393.json,5.063228696630801,50,True,1198,79600001186.0
trajectory_201600003004.json,9.281444706088866,50,True,561,194050002892.0
trajectory_84300001256.json,3.428881611299708,50,True,1394,79600001186.0
trajectory_442600006595.json,0.4380857019850688,50,True,247,419050006244.0
trajectory_521200007766.json,10.384659997075985,50,True,1,467100006960.0
trajectory_123700001843.json,17.34107777402317,50,True,354,79600001186.0
trajectory_546200008139.json,14.373104460231822,50,True,410,524150007810.0
trajectory_391400005832.json,6.521424895554853,50,True,4,389600005805.0
trajectory_634050009448.json,20.30709719464523,50,True,946,599300008930.0
trajectory_47550000709.json,0.0,8,False,0,
trajectory_531150007915.json,7.203000966796098,50,True,899,524150007810.0
trajectory_553750008252.json,20.178480972423095,50,True,160,524150007810.0
trajectory_296300004415.json,0.00013556293644537444,50,True,133,293850004379.0
trajectory_620550009247.json,11.133549386284868,50,True,1358,599300008930.0
trajectory_363350005414.json,5.717911110559404,50,True,28,348350005191.0
trajectory_457200006813.json,3.846999598682805,50,True,198,444500006624.0
trajectory_601450008962.json,8.34807634616099,50,True,1800,599300008930.0
trajectory_343350005116.json,0.0001101920005136898,50,True,125,319750004765.0
trajectory_792600011811.json,19.18646081039449,50,True,494,749400011167.0
trajectory_369850005511.json,6.57486498936263,50,True,1,348350005191.0
trajectory_800400011927.json,113.68611984856821,50,True,1,749400011167.0
trajectory_374850005586.json,6.5748848157801545,50,True,244,374050005574.0
trajectory_453600006759.json,0.7362638347520334,50,True,325,444500006624.0
trajectory_94000001401.json,5.414818813327081,50,True,1182,79600001186.0
trajectory_284300004236.json,0.00013038670315678304,50,True,104,269100004010.0
trajectory_623600009292.json,13.447427575134363,50,True,1268,599300008930.0
trajectory_602450008977.json,7.377931292974606,50,True,1800,599300008930.0
trajectory_741850011054.json,1.5594060510631254,50,True,1,722800010771.0
trajectory_780850011636.json,19.84498822546457,50,True,846,749400011167.0
trajectory_108400001615.json,16.073077140414807,50,True,775,79600001186.0
trajectory_75050001118.json,3.412583579155014,50,True,2,59050000880.0
trajectory_222650003318.json,15.266135701406062,50,True,2,194050002892.0
trajectory_357850005332.json,1.3957417113557187,50,True,197,348350005191.0
trajectory_305300004549.json,0.0001268076320959954,50,True,133,293850004379.0
trajectory_127250001896.json,17.10426734314421,50,True,265,79600001186.0
trajectory_552250008229.json,19.438931592145106,50,True,210,524150007810.0
trajectory_387400005773.json,6.911541336467882,50,True,9,374050005574.0
trajectory_603450008992.json,6.922720188706793,50,True,1800,599300008930.0
trajectory_642500009574.json,20.005218588911205,50,True,664,599300008930.0
trajectory_217150003236.json,12.530012161507937,50,True,100,194050002892.0
trajectory_750850011189.json,1.5573830607848114,50,True,1634,749400011167.0
trajectory_742850011069.json,1.5593805191566703,50,True,1,722800010771.0
trajectory_526200007841.json,7.450015850660907,50,True,989,524150007810.0
trajectory_140250002090.json,15.230092727501463,50,True,2,79600001186.0
trajectory_440100006558.json,0.4381656014249644,50,True,247,419050006244.0
trajectory_519700007744.json,11.272241225575405,50,True,1,467100006960.0
trajectory_206100003071.json,8.748400686233687,50,True,430,194050002892.0
trajectory_464200006917.json,8.819583535323474,50,True,1,444500006624.0
trajectory_515700007685.json,14.534070101988643,50,True,1,467100006960.0
trajectory_481850007180.json,11.873024291406255,50,True,737,467100006960.0
trajectory_612050009120.json,5.994575856517721,50,True,1620,599300008930.0
trajectory_689100010268.json,1.273262359312129,50,True,168,678900010116.0
trajectory_477350007113.json,11.614010627878535,50,True,887,467100006960.0
trajectory_310800004631.json,0.0001136928336263898,50,True,133,293850004379.0
trajectory_98750001471.json,9.56000163530789,50,True,1022,79600001186.0
trajectory_114050001699.json,19.110478992145445,50,True,617,79600001186.0
trajectory_725850010816.json,0.005474771655601727,50,True,510,722800010771.0
trajectory_500200007454.json,18.970003155844253,50,True,239,467100006960.0
trajectory_645550009619.json,20.39590477151562,50,True,562,599300008930.0
trajectory_548200008169.json,15.982709765937598,50,True,345,524150007810.0
trajectory_459200006843.json,5.4241314104854865,50,True,141,444500006624.0
trajectory_372350005548.json,6.574880993489424,50,True,1,348350005191.0
trajectory_786000011712.json,20.51512090005676,50,True,678,749400011167.0
trajectory_479850007150.json,12.019269808281914,50,True,802,467100006960.0
trajectory_672600010023.json,12.456688077365026,50,True,2,599300008930.0
trajectory_436550006505.json,0.438192146622411,50,True,247,419050006244.0
trajectory_764550011393.json,7.815478461218911,50,True,1312,749400011167.0
trajectory_482400007188.json,11.82160937168816,50,True,724,467100006960.0
trajectory_523200007796.json,10.18925326103658,50,True,1,467100006960.0
trajectory_499200007439.json,18.607786140924688,50,True,276,467100006960.0
trajectory_281800004199.json,0.00012244700233741154,50,True,104,269100004010.0
trajectory_408900006093.json,11.047808823630184,50,True,4,389600005805.0
trajectory_327800004885.json,9.988030789835269e-05,50,True,125,319750004765.0
trajectory_87650001306.json,3.7572375965420126,50,True,1379,79600001186.0
trajectory_466700006954.json,8.819582592849219,50,True,1,444500006624.0
trajectory_682600010172.json,4.296557275441588,50,True,213,678900010116.0
trajectory_494150007363.json,16.93377444552617,50,True,340,467100006960.0
trajectory_693100010328.json,1.1441929326475921,50,True,168,678900010116.0
trajectory_463700006910.json,8.817922157127924,50,True,1,444500006624.0
trajectory_768150011446.json,10.530876740899275,50,True,1200,749400011167.0
trajectory_352350005250.json,0.07993091917047179,50,True,246,348350005191.0
trajectory_446100006647.json,0.43808698813292046,50,True,247,444500006624.0
trajectory_116650001738.json,18.130168079653373,50,True,554,79600001186.0
trajectory_282800004214.json,0.00012714546218962005,50,True,104,269100004010.0
trajectory_724850010801.json,0.005312438637664,50,True,510,722800010771.0
trajectory_751850011203.json,1.5532745100404608,50,True,1634,749400011167.0
trajectory_61050000910.json,0.0,35,True,137,59050000880.0
trajectory_298300004445.json,0.0001377939924224518,50,True,133,293850004379.0
trajectory_532150007930.json,7.087054289389727,50,True,869,524150007810.0
trajectory_603750008997.json,6.7481188933389795,50,True,1800,599300008930.0
trajectory_506700007550.json,17.041728723480922,50,True,182,467100006960.0
trajectory_489600007296.json,13.275963974610548,50,True,486,467100006960.0
trajectory_119700001784.json,18.33781694977469,50,True,451,79600001186.0
trajectory_292800004363.json,0.0001314665643971571,50,True,104,269100004010.0
trajectory_201100002997.json,9.301777304907807,50,True,573,194050002892.0
trajectory_615250009168.json,7.262269947599821,50,True,1510,599300008930.0
trajectory_351350005236.json,0.021868823751837588,50,True,246,348350005191.0
trajectory_87950001311.json,3.88416968566187,50,True,1361,79600001186.0
trajectory_138250002060.json,16.294497334031,50,True,2,79600001186.0
trajectory_210600003138.json,9.166962630125452,50,True,286,194050002892.0
trajectory_208550003108.json,8.667277780635684,50,True,356,194050002892.0
trajectory_716800010681.json,0.07025694179386884,50,True,510,709950010579.0
trajectory_97700001456.json,8.60851276705989,50,True,1059,79600001186.0
trajectory_371850005541.json,6.574882584275755,50,True,1,348350005191.0
trajectory_395400005892.json,6.563829750258045,50,True,316,389600005805.0
trajectory_796700011872.json,18.897547518184314,50,True,363,749400011167.0
trajectory_414400006175.json,8.066988511994388,50,True,4,389600005805.0
trajectory_656100009777.json,20.696029050634074,50,True,218,599300008930.0
trajectory_552800008237.json,19.822813976280663,50,True,193,524150007810.0
trajectory_480350007158.json,12.039315846792645,50,True,783,467100006960.0
trajectory_375350005593.json,6.574554584376325,50,True,244,374050005574.0
trajectory_629950009387.json,18.247697814736444,50,True,1075,599300008930.0
trajectory_670100009985.json,14.223049934314025,50,True,2,599300008930.0
trajectory_424950006332.json,4.316949333052724,50,True,258,419050006244.0
trajectory_751350011196.json,1.5573811825207455,50,True,1634,749400011167.0
trajectory_450600006714.json,0.2812184843212982,50,True,346,444500006624.0
trajectory_411900006138.json,8.667330376841923,50,True,4,389600005805.0
trajectory_451100006722.json,0.13899665953265314,50,True,346,444500006624.0
trajectory_781950011652.json,20.700371782575548,50,True,810,749400011167.0
trajectory_535200007975.json,6.656184409590447,50,True,776,524150007810.0
trajectory_50050000746.json,0.0,13,False,0,
trajectory_441600006580.json,0.438082786285349,50,True,247,419050006244.0
trajectory_713250010628.json,0.06842217071391629,50,True,440,709950010579.0
trajectory_554300008260.json,20.166368922027093,50,True,144,524150007810.0
trajectory_413900006168.json,8.068653612535758,50,True,4,389600005805.0
trajectory_654100009747.json,20.548245410644117,50,True,287,599300008930.0
trajectory_795200011849.json,19.358926351226764,50,True,401,749400011167.0
trajectory_112000001669.json,18.374659873444198,50,True,676,79600001186.0
trajectory_498700007431.json,18.625884538359067,50,True,282,467100006960.0
trajectory_112950001683.json,18.939863958744304,50,True,648,79600001186.0
trajectory_68550001021.json,3.3799843037968667,50,True,2,59050000880.0
trajectory_147750002202.json,9.645158026530934,50,True,2,79600001186.0
trajectory_599950008940.json,9.727079837406949,50,True,1800,599300008930.0
trajectory_419400006250.json,8.024537533399878,50,True,258,419050006244.0
trajectory_566800008446.json,13.529833019843759,50,True,1,524150007810.0
trajectory_795700011857.json,19.480108878390105,50,True,388,749400011167.0
trajectory_74550001111.json,3.412581859649875,50,True,2,59050000880.0
trajectory_110450001646.json,17.462749520985746,50,True,718,79600001186.0
trajectory_402400005996.json,12.081312195714547,50,True,95,389600005805.0
trajectory_129250001926.json,17.883237107198493,50,True,197,79600001186.0
trajectory_317300004728.json,0.00010659663310428117,50,True,133,293850004379.0
trajectory_48550000723.json,0.0,10,False,0,
trajectory_383400005713.json,7.166546291891734,50,True,130,374050005574.0
trajectory_616300009184.json,8.101826027338904,50,True,1477,599300008930.0
trajectory_273300004072.json,0.00011476394279336723,50,True,104,269100004010.0
trajectory_624100009300.json,13.92042121548139,50,True,1249,599300008930.0
trajectory_613150009137.json,6.0208623175029565,50,True,1585,599300008930.0
trajectory_276300004117.json,0.00011287211745921839,50,True,104,269100004010.0
trajectory_687600010246.json,1.7241229773710145,50,True,168,678900010116.0
trajectory_734850010950.json,1.450796678620778,50,True,3,722800010771.0
trajectory_432950006451.json,0.4382272893444846,50,True,247,419050006244.0
trajectory_684100010194.json,3.651085569184817,50,True,198,678900010116.0
trajectory_728850010861.json,0.015328777951233255,50,True,50,722800010771.0
trajectory_209600003123.json,8.861036392846867,50,True,317,194050002892.0
trajectory_450100006707.json,0.39429984456035727,50,True,347,444500006624.0
trajectory_360850005377.json,3.9440243938367807,50,True,102,348350005191.0
trajectory_297300004430.json,0.00013619671355797136,50,True,133,293850004379.0
trajectory_220650003288.json,14.116693769923602,50,True,50,194050002892.0
trajectory_508150007572.json,17.020167018532327,50,True,128,467100006960.0
trajectory_125200001866.json,17.320312627537838,50,True,312,79600001186.0
trajectory_198500002958.json,10.63045456707553,50,True,591,194050002892.0
trajectory_686100010224.json,2.600852408892154,50,True,168,678900010116.0
trajectory_406400006056.json,12.941585199730762,50,True,4,389600005805.0
trajectory_727350010838.json,0.009567385745456779,50,True,50,722800010771.0
trajectory_373350005563.json,6.574885261095813,50,True,1,348350005191.0
trajectory_752350011211.json,1.553048128209859,50,True,1634,749400011167.0
trajectory_64050000954.json,0.29240180936181603,41,True,121,59050000880.0
trajectory_67050000999.json,2.5767262919885887,47,True,30,59050000880.0
trajectory_322300004803.json,9.780036472221432e-05,50,True,125,319750004765.0
trajectory_209100003116.json,8.657338410844153,50,True,334,194050002892.0
trajectory_145750002172.json,10.82235583965521,50,True,2,79600001186.0
trajectory_677100010090.json,8.746306472962418,50,True,2,599300008930.0
trajectory_656600009784.json,20.67972777891585,50,True,204,599300008930.0
trajectory_213150003176.json,10.147939358333183,50,True,198,194050002892.0
trajectory_485050007228.json,12.056553475658315,50,True,632,467100006960.0
trajectory_424450006325.json,4.7580632532771,50,True,258,419050006244.0
trajectory_550200008199.json,17.625771886147213,50,True,281,524150007810.0
trajectory_360350005370.json,3.508213327336761,50,True,119,348350005191.0
trajectory_122700001828.json,17.487872881702174,50,True,386,79600001186.0
trajectory_691100010298.json,1.1670779112240341,50,True,168,678900010116.0
trajectory_104800001562.json,13.244508994903974,50,True,888,79600001186.0
trajectory_223150003325.json,15.279002190216485,50,True,2,194050002892.0
trajectory_270300004028.json,0.00012100525085326872,50,True,104,269100004010.0
trajectory_639300009526.json,20.267786177850457,50,True,765,599300008930.0
trajectory_614150009152.json,6.407126313301115,50,True,1549,599300008930.0
trajectory_296800004423.json,0.00013370885495201943,50,True,133,293850004379.0
trajectory_665600009918.json,17.842344530221197,50,True,3,599300008930.0
trajectory_352850005258.json,0.09820279049075875,50,True,246,348350005191.0
trajectory_66050000984.json,1.7459854657124951,45,True,65,59050000880.0
trajectory_375850005601.json,6.553144886667872,50,True,244,374050005574.0
trajectory_318800004750.json,0.00010772982187603069,50,True,133,293850004379.0
trajectory_470700007014.json,8.819572916731216,50,True,1006,467100006960.0
trajectory_332800004959.json,0.00010574386398474504,50,True,125,319750004765.0
trajectory_207600003093.json,8.87767967475109,50,True,382,194050002892.0
trajectory_513200007647.json,16.447627102391284,50,True,3,467100006960.0
trajectory_95550001424.json,6.701580959596518,50,True,1131,79600001186.0
trajectory_73550001096.json,3.4125759056332448,50,True,2,59050000880.0
trajectory_307800004587.json,0.00012367108975567083,50,True,133,293850004379.0
trajectory_636600009486.json,20.304204277756796,50,True,861,599300008930.0
trajectory_505700007536.json,17.33614679341979,50,True,207,467100006960.0
trajectory_735350010958.json,1.474311649000286,50,True,3,722800010771.0
trajectory_63050000940.json,0.00046277237374089443,39,True,137,59050000880.0
trajectory_99700001486.json,10.391317024434356,50,True,987,79600001186.0
trajectory_71050001059.json,3.412559262877024,50,True,2,59050000880.0
trajectory_306800004572.json,0.00012546602609312313,50,True,133,293850004379.0
trajectory_283800004229.json,0.00013001788485316658,50,True,104,269100004010.0
trajectory_269800004020.json,0.00012276073859285173,50,True,104,269100004010.0
trajectory_520700007759.json,10.472138008210052,50,True,1,467100006960.0
trajectory_354850005288.json,0.1271337932507911,50,True,246,348350005191.0
trajectory_517700007714.json,12.910208171529534,50,True,1,467100006960.0
trajectory_559800008342.json,19.370283880158333,50,True,5,524150007810.0
trajectory_325300004847.json,9.871169461858822e-05,50,True,125,319750004765.0
trajectory_447100006662.json,0.4380857573466274,50,True,247,444500006624.0
trajectory_766050011415.json,8.861094277259804,50,True,1272,749400011167.0
trajectory_626150009330.json,15.424239764301152,50,True,1181,599300008930.0
trajectory_435550006490.json,0.4381999415946384,50,True,247,419050006244.0
trajectory_633550009441.json,20.13384568087506,50,True,962,599300008930.0
trajectory_767550011437.json,10.080117498695696,50,True,1218,749400011167.0
trajectory_277300004132.json,0.00011244307203197764,50,True,104,269100004010.0
trajectory_800900011934.json,113.41209729487491,50,True,1,749400011167.0
trajectory_794700011842.json,19.388117922217496,50,True,425,749400011167.0
trajectory_685100010209.json,3.5104273093566047,50,True,168,678900010116.0
trajectory_732350010913.json,0.2372093807448767,50,True,48,722800010771.0
trajectory_643550009590.json,19.962382334420074,50,True,629,599300008930.0
trajectory_509200007588.json,17.017164987726442,50,True,95,467100006960.0
trajectory_379900005661.json,6.602089729730345,50,True,240,374050005574.0
trajectory_755500011258.json,1.663529953772122,50,True,1593,749400011167.0
trajectory_140750002097.json,14.90138782475699,50,True,2,79600001186.0
trajectory_775150011551.json,15.33868711910155,50,True,1025,749400011167.0
trajectory_493650007356.json,16.557122079736704,50,True,354,467100006960.0
trajectory_406900006063.json,12.644740552056426,50,True,4,389600005805.0
trajectory_673600010037.json,11.578909052710346,50,True,2,599300008930.0
trajectory_487100007258.json,11.968690396918443,50,True,573,467100006960.0
trajectory_564300008409.json,15.62508908806569,50,True,1,524150007810.0
trajectory_735850010965.json,1.4858109383895441,50,True,3,722800010771.0
trajectory_340350005072.json,0.00010727821075355718,50,True,125,319750004765.0
trajectory_793650011826.json,19.0955474886616,50,True,458,749400011167.0
trajectory_382900005706.json,7.136271775711807,50,True,149,374050005574.0
trajectory_625150009315.json,14.648176453037461,50,True,1213,599300008930.0
trajectory_85400001273.json,3.4698660206019474,50,True,1393,79600001186.0
trajectory_725350010809.json,0.005968537158903952,50,True,510,722800010771.0
trajectory_427950006377.json,2.290009204315434,50,True,247,419050006244.0
trajectory_648050009657.json,20.42613061009455,50,True,489,599300008930.0
trajectory_394900005884.json,6.51006085790146,50,True,317,389600005805.0
trajectory_493150007349.json,16.062468234330552,50,True,372,467100006960.0
trajectory_345350005146.json,0.00010870309485931106,50,True,82,344050005127.0
trajectory_442100006588.json,0.4380837397580197,50,True,247,419050006244.0
trajectory_760600011334.json,4.370945211129363,50,True,1439,749400011167.0
trajectory_738350011002.json,1.5612367362233281,50,True,1,722800010771.0
trajectory_635100009464.json,20.200853014263174,50,True,907,599300008930.0
trajectory_285300004251.json,0.00012987288924428848,50,True,104,269100004010.0
trajectory_754950011250.json,1.538337727340044,50,True,1621,749400011167.0
trajectory_104350001555.json,13.032273160754793,50,True,895,79600001186.0
trajectory_663600009888.json,19.431211510080193,50,True,10,599300008930.0
trajectory_655600009769.json,20.73007318637952,50,True,235,599300008930.0
trajectory_799750011917.json,101.30764302236011,50,True,1,749400011167.0
trajectory_51550000768.json,0.0,16,False,0,
trajectory_45050000671.json,0.0,3,False,0,
trajectory_367350005474.json,6.570044752338895,50,True,1,348350005191.0
trajectory_629350009378.json,17.95209939514532,50,True,1085,599300008930.0
trajectory_446600006655.json,0.4380855962773002,50,True,247,444500006624.0
trajectory_69050001029.json,3.4125266361227236,50,True,2,59050000880.0
trajectory_325800004855.json,9.66063393813958e-05,50,True,125,319750004765.0
trajectory_316300004713.json,0.00010524239727501287,50,True,133,293850004379.0
trajectory_393900005870.json,6.467525979705397,50,True,317,389600005805.0
trajectory_652100009717.json,20.449135213593166,50,True,359,599300008930.0
trajectory_762300011359.json,5.757301670089314,50,True,1381,749400011167.0
trajectory_415900006197.json,8.067012081142627,50,True,4,389600005805.0
trajectory_798250011895.json,20.215445256536366,50,True,282,749400011167.0
trajectory_663100009881.json,19.767383877624884,50,True,16,599300008930.0
trajectory_400900005974.json,10.748063065694495,50,True,149,389600005805.0
trajectory_197000002936.json,11.562401210403081,50,True,591,194050002892.0
trajectory_646050009627.json,20.344841625019715,50,True,551,599300008930.0
trajectory_285800004259.json,0.00013408812484472026,50,True,104,269100004010.0
trajectory_306300004564.json,0.00012668654547699407,50,True,133,293850004379.0
trajectory_219150003266.json,13.223449472390973,50,True,79,194050002892.0
trajectory_387900005780.json,6.977608962987075,50,True,2,374050005574.0
trajectory_485550007235.json,12.00074972596578,50,True,620,467100006960.0
trajectory_536700007997.json,7.3862419778525235,50,True,719,524150007810.0
trajectory_635600009471.json,20.173280151332527,50,True,891,599300008930.0
trajectory_731850010905.json,0.16553518612334073,50,True,49,722800010771.0
trajectory_769600011468.json,11.676237473900269,50,True,1162,749400011167.0
trajectory_791100011788.json,19.47507072932562,50,True,521,749400011167.0
trajectory_779750011619.json,18.76850345322048,50,True,891,749400011167.0
trajectory_743350011077.json,1.5593784630815373,50,True,1,722800010771.0
trajectory_614750009160.json,6.804738870207741,50,True,1531,599300008930.0
trajectory_351850005243.json,0.036605776111861194,50,True,246,348350005191.0
trajectory_401400005981.json,11.1894703945802,50,True,132,389600005805.0
trajectory_474300007068.json,9.242788605690192,50,True,991,467100006960.0
trajectory_672100010015.json,12.89318910309289,50,True,2,599300008930.0
trajectory_468700006984.json,8.819580055185382,50,True,1006,467100006960.0
trajectory_319300004758.json,0.00010622985118087405,50,True,133,293850004379.0
trajectory_53050000791.json,0.0,19,False,0,
trajectory_396900005914.json,7.306590792014972,50,True,290,389600005805.0
trajectory_519200007737.json,11.716690947467804,50,True,1,467100006960.0
trajectory_504200007513.json,18.346824436018746,50,True,208,467100006960.0
trajectory_331800004944.json,0.00010412257686548004,50,True,125,319750004765.0
trajectory_541200008065.json,10.410202933523014,50,True,568,524150007810.0
trajectory_534200007960.json,6.723438280935926,50,True,809,524150007810.0
trajectory_206600003079.json,8.932820261994525,50,True,414,194050002892.0
trajectory_712250010613.json,0.0684198326974509,50,True,440,709950010579.0
trajectory_504700007521.json,17.979097560425178,50,True,208,467100006960.0
trajectory_281300004192.json,0.00012333202861073255,50,True,104,269100004010.0
trajectory_418400006235.json,8.067078366174785,50,True,4,389600005805.0
trajectory_71550001066.json,3.41256257484892,50,True,2,59050000880.0
trajectory_308300004594.json,0.00012077093252832062,50,True,133,293850004379.0
trajectory_344850005139.json,0.00010977304937717959,50,True,82,344050005127.0
trajectory_690600010291.json,1.186110265958581,50,True,168,678900010116.0
trajectory_141750002112.json,14.01571794902167,50,True,2,79600001186.0
trajectory_301800004497.json,0.00013753385066189036,50,True,133,293850004379.0
trajectory_461700006880.json,7.543121842818898,50,True,52,444500006624.0
trajectory_787550011735.json,20.27379211131561,50,True,629,749400011167.0
trajectory_611500009112.json,5.857240944219669,50,True,1644,599300008930.0
trajectory_79550001185.json,3.4126057152517655,50,True,1394,59050000880.0
trajectory_430450006414.json,0.4958741638498753,50,True,247,419050006244.0
trajectory_547700008161.json,15.661450724535795,50,True,361,524150007810.0
trajectory_458700006835.json,4.979857406040813,50,True,155,444500006624.0
trajectory_129750001933.json,18.103095384868936,50,True,180,79600001186.0
trajectory_757700011291.json,3.0343968346296326,50,True,1542,749400011167.0
trajectory_538700008027.json,8.388712961936147,50,True,651,524150007810.0
trajectory_412400006145.json,8.413834637331657,50,True,4,389600005805.0
trajectory_617900009207.json,9.558701636416611,50,True,1417,599300008930.0
trajectory_687100010239.json,1.8817138169609149,50,True,168,678900010116.0
trajectory_330800004929.json,0.00010394297406840868,50,True,125,319750004765.0
trajectory_208050003100.json,8.828826685919658,50,True,364,194050002892.0
trajectory_666100009926.json,17.689389611290178,50,True,2,599300008930.0
trajectory_96150001433.json,7.260109153956895,50,True,1114,79600001186.0
trajectory_64550000962.json,0.6137734114700312,42,True,108,59050000880.0
trajectory_102250001524.json,12.115913346059834,50,True,928,79600001186.0
trajectory_379350005653.json,6.487666132751025,50,True,244,374050005574.0
trajectory_384400005728.json,7.001840901932537,50,True,103,374050005574.0
trajectory_125700001873.json,16.918199557877166,50,True,311,79600001186.0
trajectory_196000002921.json,12.341841431326396,50,True,591,194050002892.0
trajectory_107900001608.json,15.664643535132706,50,True,792,79600001186.0
trajectory_204100003041.json,8.58363582545084,50,True,494,194050002892.0
trajectory_636100009479.json,20.093978358735058,50,True,875,599300008930.0
trajectory_551750008222.json,19.131657307286183,50,True,218,524150007810.0
trajectory_623150009286.json,13.0593494720758,50,True,1282,599300008930.0
trajectory_784000011683.json,20.752418924163333,50,True,742,749400011167.0
trajectory_691600010306.json,1.1442087845685476,50,True,168,678900010116.0
trajectory_478300007127.json,12.012099087101808,50,True,851,467100006960.0
trajectory_105350001570.json,13.580613597692567,50,True,876,79600001186.0
trajectory_323800004825.json,9.472719104866894e-05,50,True,125,319750004765.0
trajectory_714750010651.json,0.07001058101839751,50,True,510,709950010579.0
trajectory_334300004981.json,0.00010624222057966355,50,True,125,319750004765.0
trajectory_217650003243.json,12.785443543238179,50,True,91,194050002892.0
trajectory_407400006071.json,12.150626601718125,50,True,4,389600005805.0
trajectory_740850011040.json,1.5594779783040713,50,True,1,722800010771.0
trajectory_669600009978.json,14.62810954719044,50,True,2,599300008930.0
trajectory_683600010186.json,3.468643943022592,50,True,209,678900010116.0
trajectory_349850005213.json,0.00011500577762885851,50,True,82,348350005191.0
trajectory_48050000716.json,0.0,9,False,0,
trajectory_447600006670.json,0.4380836239973663,50,True,247,444500006624.0
trajectory_111000001654.json,17.798637519918625,50,True,705,79600001186.0
trajectory_423400006309.json,5.4850936100425445,50,True,258,419050006244.0
trajectory_606000009030.json,5.308536876874407,50,True,1771,599300008930.0
trajectory_791600011796.json,19.53794156232201,50,True,507,749400011167.0
trajectory_224150003340.json,15.289637279143749,50,True,1,194050002892.0
trajectory_801450011943.json,113.1680967888354,50,True,1,749400011167.0
trajectory_303800004527.json,0.00012754287631910156,50,True,133,293850004379.0
trajectory_483450007204.json,12.082204505246743,50,True,679,467100006960.0
trajectory_273800004080.json,0.00011369521547355363,50,True,104,269100004010.0
trajectory_90500001349.json,4.336200692315696,50,True,1276,79600001186.0
trajectory_358850005347.json,2.1939211737979734,50,True,169,348350005191.0
trajectory_106350001585.json,14.508067331855859,50,True,836,79600001186.0
trajectory_427450006370.json,2.573836030539629,50,True,247,419050006244.0
trajectory_536150007989.json,6.972180746511502,50,True,742,524150007810.0
trajectory_341850005094.json,0.00010947679131457187,50,True,125,319750004765.0
trajectory_44000000656.json,0.0,1,False,0,
trajectory_788100011744.json,20.012683916258162,50,True,613,749400011167.0
trajectory_314300004683.json,0.00010594883765081961,50,True,133,293850004379.0
trajectory_58550000872.json,0.0,30,False,0,
trajectory_683100010179.json,3.770596383878156,50,True,213,678900010116.0
trajectory_429450006399.json,1.105897428662158,50,True,247,419050006244.0
trajectory_328800004900.json,0.0001042480488933088,50,True,125,319750004765.0
trajectory_195000002906.json,13.273106351192268,50,True,591,194050002892.0
trajectory_132750001978.json,18.021714822789217,50,True,91,79600001186.0
trajectory_205050003055.json,8.647397553703517,50,True,471,194050002892.0
trajectory_465700006939.json,8.8195858486045,50,True,1,444500006624.0
trajectory_784500011690.json,20.9091713792077,50,True,725,749400011167.0
trajectory_743850011084.json,1.5593802693477365,50,True,1,722800010771.0
trajectory_399900005959.json,9.82806696869964,50,True,190,389600005805.0
trajectory_494600007370.json,17.256024193691996,50,True,327,467100006960.0
trajectory_359350005355.json,2.7065573297697285,50,True,151,348350005191.0
trajectory_619000009224.json,10.477849177833415,50,True,1383,599300008930.0
trajectory_542200008079.json,11.259333349929364,50,True,537,524150007810.0
trajectory_776750011574.json,16.467101263242363,50,True,984,749400011167.0
trajectory_490100007303.json,13.664259850885433,50,True,467,467100006960.0
trajectory_448600006685.json,0.4045726143590676,50,True,347,444500006624.0
trajectory_444600006625.json,0.4380851023279205,50,True,247,444500006624.0
trajectory_604750009011.json,5.818493838241427,50,True,1796,599300008930.0
trajectory_308800004601.json,0.00011952967865736497,50,True,133,293850004379.0
trajectory_720800010741.json,0.0703767816511783,50,True,510,709950010579.0
trajectory_339350005057.json,0.00010925834726853885,50,True,125,319750004765.0
trajectory_221150003295.json,14.485812548699311,50,True,33,194050002892.0
trajectory_472200007036.json,8.835703753197617,50,True,1006,467100006960.0
trajectory_455150006782.json,2.0199653620479183,50,True,273,444500006624.0
trajectory_675100010060.json,10.503296541493043,50,True,2,599300008930.0
trajectory_57050000850.json,0.0,27,False,0,
trajectory_304800004542.json,0.00012609549833459628,50,True,133,293850004379.0
trajectory_81550001215.json,3.4126128557392637,50,True,1394,79600001186.0
trajectory_432500006445.json,0.4382333131132171,50,True,247,419050006244.0
trajectory_523700007804.json,9.914684791396084,50,True,1,467100006960.0
trajectory_657100009792.json,20.446427831858937,50,True,196,599300008930.0
trajectory_317800004736.json,0.0001080967491031435,50,True,133,293850004379.0
trajectory_332300004952.json,0.00010433976404060005,50,True,125,319750004765.0
trajectory_210100003131.json,9.137349616831774,50,True,303,194050002892.0
trajectory_148250002209.json,9.205973220370296,50,True,2,79600001186.0
trajectory_773750011530.json,14.237163191740915,50,True,1071,749400011167.0
trajectory_761150011342.json,4.806791368742985,50,True,1422,749400011167.0
trajectory_557800008312.json,19.68637997354523,50,True,50,524150007810.0
trajectory_401900005989.json,11.690446772764117,50,True,112,389600005805.0
trajectory_415400006190.json,8.066996912474226,50,True,4,389600005805.0
trajectory_421400006279.json,7.227995230674332,50,True,258,419050006244.0
trajectory_531650007922.json,7.154796769925153,50,True,880,524150007810.0
trajectory_284800004244.json,0.00013038422136715563,50,True,104,269100004010.0
trajectory_53550000798.json,0.0,20,False,0,
trajectory_410400006115.json,9.974765591594846,50,True,4,389600005805.0
trajectory_640900009550.json,20.299668871153372,50,True,710,599300008930.0
trajectory_564800008416.json,15.239854237052272,50,True,1,524150007810.0
trajectory_451550006729.json,0.1471326127018773,50,True,346,444500006624.0
trajectory_562800008386.json,16.900421744183745,50,True,1,524150007810.0
trajectory_200550002988.json,9.433782925108881,50,True,589,194050002892.0
trajectory_456150006797.json,2.857232133614375,50,True,241,444500006624.0
trajectory_345850005154.json,0.00011052014133367695,50,True,82,344050005127.0
trajectory_126750001889.json,16.8301935299058,50,True,281,79600001186.0
trajectory_730850010891.json,0.10639715996155864,50,True,49,722800010771.0
trajectory_312800004661.json,0.00011330965772765322,50,True,133,293850004379.0
trajectory_366350005459.json,6.492498590024843,50,True,2,348350005191.0
trajectory_101250001509.json,11.663989220641989,50,True,932,79600001186.0
trajectory_653050009731.json,20.30168076677698,50,True,326,599300008930.0
trajectory_715250010658.json,0.07014110039327758,50,True,510,709950010579.0
trajectory_530200007901.json,7.001629658417915,50,True,932,524150007810.0
trajectory_124700001858.json,17.305423303912526,50,True,323,79600001186.0
trajectory_753350011226.json,1.5472517827479877,50,True,1634,749400011167.0
trajectory_280300004177.json,0.00012245765758964186,50,True,104,269100004010.0
trajectory_632000009418.json,19.797998191476594,50,True,1009,599300008930.0
trajectory_135250002015.json,18.05099072656681,50,True,16,79600001186.0
trajectory_383900005721.json,6.9792796230399246,50,True,118,374050005574.0
trajectory_356850005317.json,0.4905907353760403,50,True,234,348350005191.0
trajectory_568800008476.json,12.149635424313816,50,True,1,524150007810.0
trajectory_426950006362.json,2.8912141109813514,50,True,247,419050006244.0
trajectory_364350005429.json,6.344312048050397,50,True,5,348350005191.0
trajectory_690100010283.json,1.2232456030148167,50,True,168,678900010116.0
trajectory_402900006004.json,12.394240311103717,50,True,84,389600005805.0
trajectory_57550000858.json,0.0,28,False,0,
trajectory_610450009096.json,5.820600626054648,50,True,1672,599300008930.0
trajectory_333300004967.json,0.00010594172554551342,50,True,125,319750004765.0
trajectory_628400009364.json,17.22378932719918,50,True,1116,599300008930.0
trajectory_765650011409.json,8.619489348055414,50,True,1286,749400011167.0
trajectory_473750007059.json,8.964030034114963,50,True,1005,467100006960.0
trajectory_143250002135.json,12.657954042539888,50,True,2,79600001186.0
trajectory_362350005399.json,5.305263371096083,50,True,49,348350005191.0
trajectory_462200006887.json,7.940054233097539,50,True,36,444500006624.0
trajectory_215150003206.json,11.719635600976549,50,True,129,194050002892.0
trajectory_439600006551.json,0.43817098402314647,50,True,247,419050006244.0
trajectory_389400005803.json,6.631928319023047,50,True,1,374050005574.0
trajectory_534650007967.json,6.657042817575745,50,True,796,524150007810.0
trajectory_368350005489.json,6.574853220829659,50,True,1,348350005191.0
trajectory_136250002030.json,17.841740259451374,50,True,2,79600001186.0
trajectory_782450011659.json,21.143978364029454,50,True,795,749400011167.0
trajectory_637700009502.json,20.160624398715115,50,True,819,599300008930.0
trajectory_799250011910.json,75.42155600178621,50,True,1,749400011167.0
trajectory_429900006406.json,0.6953967872878352,50,True,247,419050006244.0
trajectory_742350011062.json,1.5594098827627645,50,True,1,722800010771.0
trajectory_119200001776.json,18.49091055256857,50,True,463,79600001186.0
trajectory_393400005862.json,6.467530807870882,50,True,4,389600005805.0
trajectory_329800004914.json,0.00010566514738938145,50,True,125,319750004765.0
trajectory_798750011902.json,47.45957207379484,50,True,3,749400011167.0
trajectory_298800004452.json,0.00013846751996878065,50,True,133,293850004379.0
trajectory_616850009192.json,8.582227612970412,50,True,1458,599300008930.0
trajectory_774650011543.json,15.059058345534105,50,True,1040,749400011167.0
trajectory_326300004862.json,9.80103206211793e-05,50,True,125,319750004765.0
trajectory_371350005534.json,6.574872206009064,50,True,1,348350005191.0
trajectory_295800004408.json,0.0001350059508695936,50,True,133,293850004379.0
trajectory_339850005064.json,0.00010950441592960348,50,True,125,319750004765.0
trajectory_662100009866.json,20.179400651456493,50,True,36,599300008930.0
trajectory_278300004147.json,0.00012320278613890467,50,True,104,269100004010.0
trajectory_99250001479.json,10.066644147490942,50,True,996,79600001186.0
trajectory_734350010943.json,1.4182090742244913,50,True,3,722800010771.0
trajectory_126200001881.json,16.653217767324318,50,True,297,79600001186.0
trajectory_324300004832.json,9.762733231157968e-05,50,True,125,319750004765.0
trajectory_501700007476.json,18.882591824508253,50,True,211,467100006960.0
trajectory_80050001193.json,3.41260944712253,50,True,1394,79600001186.0
trajectory_445100006633.json,0.43808611393479546,50,True,247,444500006624.0
trajectory_527700007863.json,6.486030526526123,50,True,989,524150007810.0
trajectory_373850005571.json,6.5748836474739365,50,True,1,348350005191.0
trajectory_644550009605.json,19.882093475694038,50,True,592,599300008930.0
trajectory_213650003184.json,10.52170990621072,50,True,180,194050002892.0
trajectory_437550006520.json,0.43818308728277655,50,True,247,419050006244.0
trajectory_54050000805.json,0.0,21,False,0,
trajectory_723350010779.json,0.005677273966478052,50,True,510,722800010771.0
trajectory_303300004520.json,0.00012782523942714367,50,True,133,293850004379.0
trajectory_117150001746.json,18.337144935515582,50,True,535,79600001186.0
trajectory_711250010598.json,0.06842007761335825,50,True,440,709950010579.0
trajectory_766500011422.json,9.166234820923174,50,True,1253,749400011167.0
trajectory_723850010786.json,0.005539604856241821,50,True,510,722800010771.0
trajectory_212600003168.json,9.990109465103792,50,True,216,194050002892.0
trajectory_491050007317.json,14.431833202856797,50,True,438,467100006960.0
trajectory_385400005743.json,6.923585670437146,50,True,73,374050005574.0
trajectory_390900005825.json,6.549888108776129,50,True,4,389600005805.0
trajectory_286300004266.json,0.00013455598113438496,50,True,104,269100004010.0
trajectory_203550003033.json,8.716035643290503,50,True,508,194050002892.0
trajectory_380400005668.json,6.973441608862784,50,True,224,374050005574.0
trajectory_560800008357.json,18.562641418292433,50,True,3,524150007810.0
trajectory_651100009702.json,20.329980203109105,50,True,391,599300008930.0
trajectory_541700008072.json,10.893524982865346,50,True,547,524150007810.0
trajectory_664600009903.json,18.743563371928026,50,True,4,599300008930.0
trajectory_336300005011.json,0.00010660816463871913,50,True,125,319750004765.0
trajectory_337800005034.json,0.00010632184163871281,50,True,125,319750004765.0
trajectory_627350009348.json,16.35345043795367,50,True,1153,599300008930.0
trajectory_224650003348.json,15.290678946589487,50,True,1,194050002892.0
trajectory_292300004356.json,0.0001344444577854943,50,True,104,269100004010.0
trajectory_489100007288.json,12.849336686593174,50,True,506,467100006960.0
trajectory_423950006317.json,5.167307025844007,50,True,258,419050006244.0
trajectory_524200007811.json,9.456927617245785,50,True,989,524150007810.0
trajectory_745350011107.json,1.5593493988841618,50,True,1,722800010771.0
trajectory_744850011099.json,1.5593661792984457,50,True,1,722800010771.0
trajectory_736850010980.json,1.5558174925656814,50,True,1,722800010771.0
trajectory_46550000694.json,0.0,6,False,0,
trajectory_511200007617.json,17.249199770699665,50,True,29,467100006960.0
trajectory_633050009433.json,19.915678302987786,50,True,981,599300008930.0
trajectory_347850005183.json,0.00011472010172293453,50,True,82,344050005127.0
trajectory_131750001963.json,17.89957419888528,50,True,120,79600001186.0
trajectory_790600011781.json,19.362463514758435,50,True,537,749400011167.0
trajectory_617400009200.json,9.060970008973491,50,True,1443,599300008930.0
trajectory_274300004087.json,0.00011496457889166593,50,True,104,269100004010.0
trajectory_437050006513.json,0.43819255753187225,50,True,247,419050006244.0
trajectory_556300008290.json,20.207340661034912,50,True,75,524150007810.0
trajectory_540700008057.json,10.005350401996152,50,True,584,524150007810.0
trajectory_739350011017.json,1.5596688335407,50,True,1,722800010771.0
trajectory_59550000887.json,0.0,32,True,137,59050000880.0
trajectory_422400006294.json,6.434029146940271,50,True,258,419050006244.0
trajectory_679600010127.json,6.499419768141533,50,True,213,678900010116.0
trajectory_545150008123.json,13.49596557960774,50,True,447,524150007810.0
trajectory_376350005608.json,6.538411288615056,50,True,244,374050005574.0
trajectory_314800004691.json,0.00010620556262012892,50,True,133,293850004379.0
trajectory_544200008109.json,12.639512240491662,50,True,479,524150007810.0
trajectory_562300008379.json,17.21759215951509,50,True,2,524150007810.0
trajectory_469700006999.json,8.819576389594577,50,True,1006,467100006960.0
trajectory_382400005698.json,7.052176254424979,50,True,168,374050005574.0
trajectory_311800004646.json,0.00011381207069549166,50,True,133,293850004379.0
trajectory_115100001715.json,18.675816864328276,50,True,603,79600001186.0
trajectory_668100009955.json,15.940061197028601,50,True,2,599300008930.0
trajectory_669100009970.json,15.101184611210236,50,True,2,599300008930.0
trajectory_533700007953.json,6.973367330803437,50,True,818,524150007810.0
trajectory_55550000828.json,0.0,24,False,0,
trajectory_196500002928.json,11.891224604744602,50,True,591,194050002892.0
trajectory_788600011751.json,19.85316214741293,50,True,596,749400011167.0
trajectory_414900006182.json,8.066995153366411,50,True,4,389600005805.0
trajectory_764000011384.json,7.291628893578447,50,True,1326,749400011167.0
trajectory_782950011667.json,21.436596773007675,50,True,776,749400011167.0
trajectory_463200006902.json,8.626332299422586,50,True,10,444500006624.0
trajectory_527200007856.json,7.0024484762094925,50,True,989,524150007810.0
trajectory_621000009254.json,11.383860662567015,50,True,1347,599300008930.0
trajectory_496650007401.json,18.573913539374463,50,True,282,467100006960.0
trajectory_481300007172.json,11.895064708508347,50,True,756,467100006960.0
trajectory_745850011114.json,1.5593474163856385,50,True,1,722800010771.0
trajectory_676100010075.json,9.593480256286748,50,True,2,599300008930.0
trajectory_294800004393.json,0.0001309023492146682,50,True,133,293850004379.0
trajectory_752850011218.json,1.5526853191112255,50,True,1634,749400011167.0
trajectory_789600011766.json,19.49295207672761,50,True,572,749400011167.0
trajectory_759150011312.json,3.7212431494656,50,True,1502,749400011167.0
trajectory_130750001948.json,18.072993012648265,50,True,153,79600001186.0
trajectory_286800004274.json,0.0001342415822707017,50,True,104,269100004010.0
trajectory_434000006467.json,0.4382223605851159,50,True,247,419050006244.0
trajectory_790050011773.json,19.41962531205313,50,True,550,749400011167.0
trajectory_289300004311.json,0.0001300361219845513,50,True,104,269100004010.0
trajectory_425450006340.json,3.879925703953349,50,True,258,419050006244.0
trajectory_392400005847.json,6.467536649667591,50,True,4,389600005805.0
trajectory_606450009037.json,5.17915063889508,50,True,1762,599300008930.0
trajectory_789100011759.json,19.71827807595092,50,True,581,749400011167.0
trajectory_537700008012.json,7.610700100910214,50,True,682,524150007810.0
trajectory_143750002142.json,12.201072443763568,50,True,2,79600001186.0
trajectory_377350005623.json,6.476813405821105,50,True,244,374050005574.0
trajectory_492650007341.json,15.750236920149721,50,True,383,467100006960.0
trajectory_607200009048.json,4.981376971542934,50,True,1758,599300008930.0
trajectory_120650001798.json,18.24660912244592,50,True,423,79600001186.0
trajectory_301300004490.json,0.0001385821058511797,50,True,133,293850004379.0
trajectory_634600009456.json,20.26395645199785,50,True,922,599300008930.0
trajectory_543200008094.json,12.326611815288485,50,True,492,524150007810.0
trajectory_716300010674.json,0.07020710519570501,50,True,510,709950010579.0
trajectory_204600003049.json,8.66533273469874,50,True,481,194050002892.0
trajectory_559300008334.json,19.755084006231126,50,True,7,524150007810.0
trajectory_223650003333.json,15.29941320254413,50,True,1,194050002892.0
trajectory_727850010846.json,0.009794713395570073,50,True,50,722800010771.0
trajectory_271300004043.json,0.00012059032736384127,50,True,104,269100004010.0
trajectory_221650003303.json,14.93286525021194,50,True,22,194050002892.0
trajectory_368850005496.json,6.574853924562884,50,True,1,348350005191.0
trajectory_553300008245.json,20.21980867499414,50,True,173,524150007810.0
trajectory_398900005944.json,9.050615245792997,50,True,221,389600005805.0
trajectory_288300004296.json,0.00012498098851420085,50,True,104,269100004010.0
trajectory_407900006078.json,11.748844598479305,50,True,4,389600005805.0
trajectory_507200007558.json,17.179800057418614,50,True,164,467100006960.0
trajectory_455650006790.json,2.4633781490237983,50,True,258,444500006624.0
trajectory_448100006677.json,0.43695122972687167,50,True,247,444500006624.0
trajectory_107400001600.json,15.318465747049066,50,True,806,79600001186.0
trajectory_648550009664.json,20.422017002656663,50,True,470,599300008930.0
trajectory_58050000865.json,0.0,29,False,0,
trajectory_762950011369.json,6.318016648440248,50,True,1359,749400011167.0
trajectory_290800004333.json,0.00013633300363455572,50,True,104,269100004010.0
trajectory_214150003191.json,10.97417836858633,50,True,163,194050002892.0
trajectory_719800010726.json,0.07033957335205362,50,True,510,709950010579.0
trajectory_488100007273.json,12.172917580633246,50,True,540,467100006960.0
trajectory_719300010718.json,0.07033766650564766,50,True,510,709950010579.0
trajectory_608100009061.json,4.841054234777423,50,True,1748,599300008930.0
trajectory_756700011276.json,2.602880312036825,50,True,1569,749400011167.0
trajectory_432000006437.json,0.4382789238630431,50,True,247,419050006244.0
trajectory_67550001007.json,3.0313044680831442,48,True,11,59050000880.0
trajectory_128250001911.json,17.787218335178014,50,True,236,79600001186.0
trajectory_288800004303.json,0.0001289699065472562,50,True,104,269100004010.0
trajectory_770000011474.json,11.888082105709875,50,True,1145,749400011167.0
trajectory_139250002075.json,15.967413082401825,50,True,2,79600001186.0
trajectory_717300010689.json,0.07027656037549003,50,True,510,709950010579.0
trajectory_377850005630.json,6.465732299619114,50,True,244,374050005574.0
trajectory_476850007106.json,11.30904936458572,50,True,904,467100006960.0
trajectory_313300004669.json,0.00010735023484053541,50,True,133,293850004379.0
trajectory_681600010157.json,5.108531702595056,50,True,213,678900010116.0
trajectory_715800010666.json,0.07020472777978391,50,True,510,709950010579.0
trajectory_141250002105.json,14.488103683377867,50,True,2,79600001186.0
trajectory_542700008087.json,11.735243998286691,50,True,515,524150007810.0
trajectory_556800008297.json,20.01365193206888,50,True,68,524150007810.0
trajectory_142750002127.json,13.096309089792044,50,True,2,79600001186.0
trajectory_495150007378.json,17.700505633045346,50,True,307,467100006960.0
trajectory_418900006242.json,8.061105367710638,50,True,4,389600005805.0
trajectory_528650007877.json,5.874480368503587,50,True,983,524150007810.0
trajectory_65050000969.json,1.0799214535608537,43,True,90,59050000880.0
trajectory_555300008275.json,20.207450822472317,50,True,106,524150007810.0
trajectory_216150003221.json,12.2738406321047,50,True,108,194050002892.0
trajectory_398400005937.json,8.530922954142033,50,True,237,389600005805.0
trajectory_761600011349.json,5.149561401796177,50,True,1402,749400011167.0
trajectory_461200006872.json,7.114826370424317,50,True,70,444500006624.0
trajectory_370350005519.json,6.574868141315629,50,True,1,348350005191.0
trajectory_545700008132.json,13.910401606143807,50,True,427,524150007810.0
trajectory_336800005019.json,0.00010556377003793369,50,True,125,319750004765.0
trajectory_304300004534.json,0.00012553720683111075,50,True,133,293850004379.0
trajectory_449100006692.json,0.3998050374448949,50,True,347,444500006624.0
trajectory_710750010591.json,0.06841875126690451,50,True,440,709950010579.0
trajectory_136750002038.json,17.416741454034128,50,True,2,79600001186.0
trajectory_739850011025.json,1.5595368102827414,50,True,1,722800010771.0
trajectory_413400006160.json,8.134361653987712,50,True,4,389600005805.0
trajectory_321800004795.json,9.791080527611093e-05,50,True,125,319750004765.0
trajectory_390400005817.json,6.588220484770681,50,True,4,389600005805.0
trajectory_657600009799.json,20.511506586903135,50,True,181,599300008930.0
trajectory_372850005556.json,6.57488245551705,50,True,1,348350005191.0
trajectory_348350005191.json,0.00011639046853414112,50,True,82,348350005191.0
trajectory_56050000835.json,0.0,25,False,0,
trajectory_566300008439.json,13.895633511049944,50,True,1,524150007810.0
trajectory_462700006895.json,8.322202532711234,50,True,21,444500006624.0
trajectory_409900006108.json,10.241721871060099,50,True,4,389600005805.0
trajectory_550700008206.json,18.082567526713166,50,True,260,524150007810.0
trajectory_746850011129.json,1.5593565906686613,50,True,1,722800010771.0
trajectory_225150003355.json,15.17682769391605,50,True,1,194050002892.0
